{
  "model_type": "crf",
  "test_f1": 0.9629874106932178,
  "train_size": 3500,
  "dev_size": 750,
  "test_size": 750,
  "use_dictionary": true,
  "training_history": [
    {
      "dev_f1": 0.963264813409671,
      "train_size": 3500,
      "dev_size": 750
    }
  ],
  "feature_info": {
    "dictionary_size": 2307,
    "feature_types": [
      "char_unigrams",
      "char_bigrams",
      "char_trigrams",
      "position",
      "char_type",
      "dictionary_matching"
    ]
  }
}