{
  "model_type": "crf",
  "test_f1": 0.8522061374005578,
  "train_size": 10000,
  "dev_size": 38696,
  "test_size": 18697,
  "use_dictionary": true,
  "use_large_corpus": false,
  "combine_all_datasets": true,
  "data_source": "ALL_DATASETS",
  "training_history": [
    {
      "dev_f1": 0.8415287161175552,
      "train_size": 10000,
      "dev_size": 38696
    }
  ],
  "feature_info": {
    "dictionary_size": 4577,
    "feature_types": [
      "char_unigrams",
      "char_bigrams",
      "char_trigrams",
      "position",
      "char_type",
      "dictionary_matching"
    ]
  }
}